City_ID,City,Lat,Lng,Max Temp,Humidity,Cloudiness,Wind Speed,Country,Date
0,anna regina,7.2644,-58.5077,26.9,79,100,3.45,GY,1717952738
1,mir bachah kot,34.75,69.119,20.77,29,18,2.99,AF,1717952738
2,papatowai,-46.5619,169.4708,9.97,95,100,5.55,NZ,1717952739
3,utena,55.5,25.6,14.37,76,54,4.73,LT,1717952740
4,vradiyivka,47.862,30.5919,23.97,65,82,3.64,UA,1717952740
5,fryazino,55.9606,38.0456,21.77,62,94,0.45,RU,1717952741
6,goundam,16.4145,-3.6708,43.09,12,0,5.1,ML,1717952742
7,pisco,-13.7,-76.2167,17.03,94,100,3.09,PE,1717952646
8,albany,42.6001,-73.9662,17.6,86,89,0.45,US,1717952450
9,sitka,57.0531,-135.33,9.94,81,75,5.14,US,1717952744
10,longyearbyen,78.2186,15.6401,2.91,70,75,4.63,SJ,1717952744
11,port elizabeth,-33.918,25.5701,12.83,85,0,1.03,ZA,1717952732
12,wailua homesteads,22.0669,-159.378,23.44,87,100,6.17,US,1717952746
13,beytussebap,37.5694,43.1681,16.85,46,13,2.12,TR,1717952747
14,namibe,-15.1961,12.1522,20.86,80,2,2.98,AO,1717952748
15,codajas,-3.8367,-62.0569,28.61,83,37,1.32,BR,1717952552
16,aqsay,51.1678,52.995,21.05,68,15,3.55,KZ,1717952749
17,mumford,5.2618,-0.759,27.03,82,71,5.06,GH,1717952750
18,nantong,32.0303,120.8747,24.13,61,94,3.58,CN,1717952751
19,bel ombre,-4.6167,55.4167,27.91,78,20,3.6,SC,1717952751
20,georgetown,5.4112,100.3354,28.96,65,40,4.63,MY,1717951952
21,grytviken,-54.2811,-36.5092,-4.92,76,21,6.91,GS,1717952752
22,port mathurin,-19.6833,63.4167,24.3,82,64,7.99,MU,1717952753
23,porto belo,-27.1578,-48.5531,28.22,87,39,5.42,BR,1717952754
24,tolanaro,-25.0319,46.9987,17.04,94,75,1.54,MG,1717952755
25,san antonio de pale,-1.4014,5.6325,25.1,79,70,4.73,GQ,1717952756
26,susangerd,31.5608,48.1831,41.23,12,0,7.9,IR,1717952756
27,sechura,-5.5569,-80.8222,23.67,57,82,4.13,PE,1717952757
28,college,64.8569,-147.8028,20.65,46,100,2.57,US,1717952731
29,kirakira,-10.4544,161.9205,26.99,87,69,4.34,SB,1717952758
30,villa ojo de agua,-29.5,-63.6938,25.87,37,100,2.32,AR,1717952759
31,hasaki,35.7333,140.8333,19.22,75,100,5.47,JP,1717952760
32,tarapur,19.85,72.7,29.18,73,98,1.42,IN,1717952760
33,princeville,45.7668,-61.2985,20.9,75,75,5.14,CA,1717952528
34,lihue,21.9789,-159.3672,23.77,84,100,6.17,US,1717952762
35,gao,16.6362,1.637,43.11,11,10,1.65,ML,1717952467
36,sao joao do piaui,-8.3581,-42.2467,35.32,30,19,4.77,BR,1717952526
37,labuan,5.2767,115.2417,28.2,88,20,0.0,MY,1717952764
38,adamstown,-25.066,-130.1015,22.26,73,27,6.1,PN,1717952764
39,mont-laurier,46.5501,-75.4993,15.79,98,100,3.13,CA,1717952765
40,flying fish cove,-10.4217,105.6791,25.82,88,75,5.66,CX,1717952766
41,ta`u,-14.2336,-169.5144,25.94,67,99,7.71,AS,1717952766
42,yellowknife,62.456,-114.3525,12.45,69,75,4.63,CA,1717952487
43,codrington,-38.2667,141.9667,6.14,92,7,2.94,AU,1717952767
44,port alfred,-33.5906,26.891,16.28,65,0,2.55,ZA,1717952544
45,vikhorevka,56.1201,101.1636,14.77,98,100,2.95,RU,1717952769
46,port-aux-francais,-49.35,70.2167,6.72,98,100,17.72,TF,1717952769
47,thompson,55.7435,-97.8558,11.09,35,20,1.54,CA,1717952490
48,buta,2.7858,24.73,21.46,99,100,1.3,CD,1717952771
49,kota kinabalu,5.9749,116.0724,27.99,83,20,1.03,MY,1717952550
50,viedma,-40.8135,-62.9967,17.19,51,100,6.46,AR,1717952688
51,ushuaia,-54.8,-68.3,0.79,80,20,1.54,AR,1717952640
52,boende,-0.2167,20.8667,27.75,50,100,0.45,CD,1717952773
53,howard springs,-12.497,131.047,19.95,86,0,2.74,AU,1717952774
54,kodiak,57.79,-152.4072,7.73,93,100,10.29,US,1717952775
55,avarua,-21.2078,-159.775,21.03,60,40,1.54,CK,1717952775
56,tralee,52.2704,-9.7026,15.14,77,75,3.6,IE,1717952776
57,cadale,2.7603,46.3222,26.29,80,75,8.72,SO,1717952777
58,caleta de carquin,-11.0925,-77.6267,20.17,72,54,4.86,PE,1717952777
59,valparaiso,-33.0393,-71.6273,16.75,75,40,4.12,CL,1717952704
60,tarauaca,-8.1614,-70.7656,32.19,51,95,1.62,BR,1717952779
61,arno,60.1167,18.6333,10.44,66,89,5.37,SE,1717952780
62,ancud,-41.8697,-73.8203,11.37,84,79,6.35,CL,1717952781
63,blackmans bay,-43.0167,147.3167,4.74,86,31,0.89,AU,1717952781
64,obo,5.3998,26.4869,20.81,98,99,3.09,CF,1717952782
65,pailon,-17.65,-62.75,29.82,32,97,8.78,BO,1717952783
66,isla vista,34.4133,-119.861,20.5,89,100,3.09,US,1717952755
67,kufa,32.0347,44.4033,45.02,8,75,4.12,IQ,1717952785
68,fort st. john,56.2499,-120.8529,7.94,93,100,1.03,CA,1717952786
69,posse,-14.0931,-46.3694,30.36,27,69,3.72,BR,1717952786
70,yeniseysk,58.4497,92.1703,10.53,91,77,2.24,RU,1717952787
71,waitangi,-43.9535,-176.5597,13.23,88,100,6.26,NZ,1717952788
72,carnarvon,-24.8667,113.6333,20.74,87,100,1.77,AU,1717952789
73,gamboru,12.3707,14.2173,38.24,26,61,2.62,NG,1717952790
74,hawaiian paradise park,19.5933,-154.9731,21.73,87,75,2.57,US,1717952791
75,edinburgh of the seven seas,-37.0676,-12.3116,14.24,83,100,8.23,SH,1717952792
76,qaqortoq,60.7167,-46.0333,6.26,96,100,1.66,GL,1717952793
77,lompoc,34.6391,-120.4579,20.38,72,0,3.6,US,1717952602
78,palikir - national government center,6.9248,158.1611,28.35,78,39,5.45,FM,1717952795
79,grand falls-windsor,48.9332,-55.6649,15.84,91,83,5.06,CA,1717952536
80,puerto natales,-51.7236,-72.4875,-0.75,100,100,1.03,CL,1717952796
81,hermanus,-34.4187,19.2345,13.22,76,6,4.02,ZA,1717952797
82,kuala belait,4.5833,114.1833,30.09,84,91,1.65,BN,1717952798
83,maba,24.6841,113.5984,24.28,98,100,1.4,CN,1717952798
84,dapa,9.7594,126.0531,27.76,80,86,1.57,PH,1717952799
85,mukalla,14.5425,49.1242,31.23,72,79,2.27,YE,1717952800
86,yatou,37.15,122.3833,19.78,87,99,2.45,CN,1717952711
87,mogadishu,2.0371,45.3438,26.29,82,27,8.56,SO,1717952624
88,margaret river,-33.95,115.0667,15.46,61,100,12.23,AU,1717952802
89,fale old settlement,-9.3852,-171.2468,28.75,71,99,4.0,TK,1717952803
90,faya-largeau,17.9257,19.1043,40.55,7,8,4.57,TD,1717952530
91,tiksi,71.6872,128.8694,0.12,96,96,2.46,RU,1717952804
92,saipan,15.1355,145.701,28.39,78,20,4.12,MP,1717952772
93,marathon,44.9,-89.7668,18.02,51,75,7.72,US,1717952805
94,fada n'gourma,12.0622,0.3578,38.85,25,67,0.75,BF,1717952806
95,oroqen zizhiqi,50.5667,123.7167,12.77,64,100,1.82,CN,1717952806
96,ribeira grande,38.5167,-28.7,22.22,78,20,6.26,PT,1717952807
97,gangtok,27.3333,88.6167,21.08,89,47,1.65,IN,1717952771
98,hithadhoo,-0.6,73.0833,28.7,72,100,2.39,MV,1717952808
99,hornostayivka,47.0078,33.729,27.0,50,22,3.24,UA,1717952809
100,smithers,54.7804,-127.1743,16.32,54,100,1.49,CA,1717952810
101,amherst,41.3978,-82.2224,22.42,61,20,7.2,US,1717952811
102,pacific grove,36.6177,-121.9166,17.79,81,75,2.24,US,1717952811
103,lebu,-37.6167,-73.65,12.96,85,49,7.41,CL,1717952812
104,iqaluit,63.7506,-68.5145,4.83,52,45,4.92,CA,1717952812
105,kulhudhuffushi,6.6221,73.07,28.92,78,99,6.75,MV,1717952813
106,ntcheu,-14.8203,34.6359,14.35,75,66,4.07,MW,1717952814
107,tufanganj,26.3167,89.6667,27.42,83,47,2.46,IN,1717952814
108,polva,58.0603,27.0694,14.45,89,70,2.82,EE,1717952815
109,invercargill,-46.4,168.35,8.34,95,100,3.58,NZ,1717952816
110,erdenet,49.0333,104.0833,13.36,61,24,1.83,MN,1717952817
111,puerto aysen,-45.4,-72.7,7.7,99,100,0.24,CL,1717952742
112,ladyzhyn,48.685,29.2368,20.15,85,100,4.42,UA,1717952818
113,ishigaki,24.3448,124.1572,27.84,80,34,2.24,JP,1717952819
114,bethel,41.3712,-73.414,20.2,81,75,4.63,US,1717952820
115,biloela,-24.4167,150.5,9.96,68,0,2.5,AU,1717952821
116,colachel,8.1667,77.25,26.41,89,99,6.22,IN,1717952821
117,colonia,50.9333,6.95,20.81,39,0,5.14,DE,1717952822
118,jamestown,42.097,-79.2353,19.45,61,40,6.69,US,1717952535
119,weno,7.4515,151.8468,26.97,100,100,0.0,FM,1717952824
120,omutninsk,58.67,52.1932,14.13,94,48,2.1,RU,1717952825
121,anadyr,64.75,177.4833,0.28,100,0,3.0,RU,1717952826
122,whitehorse,60.7161,-135.0538,18.34,30,85,4.47,CA,1717952826
123,minggang,32.4586,114.0486,23.55,80,81,3.46,CN,1717952827
124,kurmuk,10.55,34.2833,25.43,74,46,2.05,SD,1717952828
125,sibolga,1.7427,98.7792,25.22,88,97,1.23,ID,1717952828
126,kirensk,57.7853,108.1119,10.54,66,9,1.79,RU,1717952829
127,north bend,43.4065,-124.2243,17.91,88,100,6.17,US,1717952830
128,arraial do cabo,-22.9661,-42.0278,25.92,69,0,3.6,BR,1717952830
129,kruisfontein,-34.0033,24.7314,11.6,82,0,1.54,ZA,1717952831
130,isafjordur,66.0755,-23.124,9.02,61,40,5.14,IS,1717952832
131,iaciara,-14.0958,-46.6317,32.7,23,65,3.17,BR,1717952833
132,afaahiti,-17.75,-149.2833,24.93,84,92,6.42,PF,1717952833
133,west island,-12.1568,96.8225,26.99,78,40,2.57,CC,1717952834
134,enewetak,11.3474,162.3373,28.3,82,100,7.19,MH,1717952835
135,puerto baquerizo moreno,-0.9,-89.6,25.55,73,100,7.2,EC,1717952836
136,udachny,66.4167,112.4,16.92,34,100,3.3,RU,1717952837
137,januaria,-15.4833,-44.3667,31.93,25,5,2.98,BR,1717952837
138,kralendijk,12.15,-68.2667,32.99,62,75,9.77,BQ,1717952838
139,severo-yeniseyskiy,60.3725,93.0408,8.1,98,84,1.34,RU,1717952839
140,punta arenas,-53.15,-70.9167,2.06,80,75,1.54,CL,1717952726
141,constantia,44.1833,28.65,28.38,68,77,7.21,RO,1717952645
142,ardestan,33.3761,52.3694,31.89,9,0,4.77,IR,1717952841
143,laojunmiao,39.8333,97.7333,20.51,15,87,4.05,CN,1717952842
144,ust'-uda,54.1742,103.0304,13.82,97,81,1.95,RU,1717952843
145,utrik,11.2278,169.8474,28.37,80,78,6.04,MH,1717952843
146,fenton,42.7978,-83.7049,22.82,54,20,7.72,US,1717952173
147,port hedland,-20.3167,118.5667,16.03,88,0,2.57,AU,1717952845
148,san andres,12.5847,-81.7006,32.01,74,40,3.6,CO,1717952845
149,san ignacio,17.1561,-89.0714,31.08,70,75,1.54,BZ,1717952684
150,alofi,-19.0595,-169.9187,21.94,73,75,5.14,NU,1717952847
151,guajara mirim,-10.7828,-65.3394,35.07,31,48,1.34,BR,1717952848
152,aasiaat,68.7098,-52.8699,1.3,98,100,1.44,GL,1717952590
153,st. john's,47.5649,-52.7093,16.66,67,100,4.12,CA,1717952752
154,olonkinbyen,70.9221,-8.7187,-0.85,81,90,7.81,SJ,1717952850
155,jayapura,-2.5333,140.7,24.66,93,56,2.15,ID,1717952851
156,saint-philippe,-21.3585,55.7679,22.77,82,48,4.68,RE,1717952851
157,dzuunharaa,48.8523,106.4579,14.63,74,93,1.91,MN,1717952852
158,bilibino,68.0546,166.4372,6.13,61,3,1.43,RU,1717952853
159,mairwa,26.2333,84.15,37.67,13,2,2.35,IN,1717952853
160,sao fidelis,-21.6461,-41.7469,26.82,53,8,2.16,BR,1717952854
161,mata-utu,-13.2816,-176.1745,27.52,76,92,7.91,WF,1717952855
162,murzuq,25.9155,13.9184,35.58,5,0,3.88,LY,1717952855
163,paradip garh,20.3167,86.6167,31.14,71,100,6.63,IN,1717952856
164,gladstone,-23.85,151.25,13.21,87,0,4.12,AU,1717952857
165,bada,51.392,109.8717,13.84,75,92,1.06,RU,1717952859
166,fortuna,40.5982,-124.1573,15.55,88,75,3.09,US,1717952861
167,chibougamau,49.9168,-74.3659,12.79,94,100,4.63,CA,1717952862
168,port lincoln,-34.7333,135.8667,14.91,55,100,3.13,AU,1717952862
169,ilulissat,69.2167,-51.1,4.01,81,40,3.6,GL,1717952863
170,leava,-14.3,-178.1667,27.03,74,87,8.09,WF,1717952864
171,hemsby,52.6971,1.6918,15.13,73,100,5.21,GB,1717952864
172,iwaki,37.05,140.8833,19.87,95,100,2.44,JP,1717952862
173,daru,-9.0763,143.2092,25.89,87,97,7.62,PG,1717952866
174,alice springs,-23.7,133.8833,5.75,93,0,2.57,AU,1717952867
175,kavarna,43.4333,28.3333,24.6,78,49,3.81,BG,1717952868
176,haiku-pauwela,20.9219,-156.3051,24.47,79,0,7.72,US,1717952868
177,hampstead,42.8745,-71.1812,14.19,88,100,1.54,US,1717952869
178,usinsk,65.9939,57.5281,7.26,92,100,5.81,RU,1717952870
179,launceston,-41.45,147.1667,3.97,93,6,0.51,AU,1717952870
180,barabai,-2.5833,115.3833,25.31,88,92,0.35,ID,1717952871
181,berdigestyakh,62.0989,126.6992,11.18,43,25,1.75,RU,1717952872
182,storm lake,42.6411,-95.2097,25.25,23,0,6.17,US,1717952649
183,gornyye klyuchi,45.25,133.5,13.46,99,100,2.08,RU,1717952873
184,bodaybo,57.8506,114.1933,8.17,87,7,0.98,RU,1717952874
185,kapuskasing,49.4169,-82.4331,6.49,96,100,4.63,CA,1717952875
186,bako,5.7833,36.5667,17.73,91,39,1.72,ET,1717952875
187,liperi,62.5333,29.3667,14.26,72,100,7.2,FI,1717952876
188,remire-montjoly,4.9167,-52.2667,30.02,74,25,2.06,GF,1717952876
189,sudislavl',57.8817,41.7083,15.61,70,80,1.64,RU,1717952877
190,praya,14.9215,-23.5087,28.3,54,20,8.23,CV,1717952878
191,touros,-5.1989,-35.4608,28.09,75,67,7.24,BR,1717952733
192,bure,10.7,37.0667,17.35,79,77,2.31,ET,1717952879
193,saraqib,35.8645,36.8059,27.53,44,62,6.82,SY,1717952880
194,queenstown,-31.8976,26.8753,10.86,49,0,2.61,ZA,1717952709
195,nemuro,43.3236,145.575,9.96,95,100,6.26,JP,1717952881
196,kerikeri,-35.2268,173.9474,17.73,94,100,3.13,NZ,1717952882
197,i-n-salah,27.1935,2.4607,44.7,8,85,6.31,DZ,1717952883
198,badger,64.8,-147.5333,20.6,49,100,2.57,US,1717952883
199,zhanaozen,43.3,52.8,28.75,31,22,0.72,KZ,1717952884
200,klyuchi,52.2667,79.1667,18.0,67,64,3.94,RU,1717952885
201,san matias,-16.3667,-58.4,35.93,22,25,4.5,BO,1717952885
202,okhotsk,59.3833,143.3,3.27,92,0,2.36,RU,1717952886
203,dzhalagash,45.0833,64.6667,28.06,27,1,4.43,KZ,1717952887
204,petropavlovsk-kamchatsky,53.0452,158.6483,10.25,63,96,6.26,RU,1717952887
205,tahe,52.3333,124.7333,11.06,51,90,1.26,CN,1717952712
206,katsuren-haebaru,26.3369,127.8719,24.43,96,75,3.09,JP,1717952889
207,tazovsky,67.4667,78.7,1.91,81,65,2.64,RU,1717952890
208,balkanabat,39.5108,54.3671,33.57,22,43,2.54,TM,1717952890
209,rumoi,43.9344,141.6428,15.91,95,100,4.86,JP,1717952891
210,beykonak,36.3257,30.303,26.88,63,0,3.68,TR,1717952891
211,nova sintra,14.8667,-24.7167,23.51,81,0,7.95,CV,1717952892
212,kununurra,-15.7667,128.7333,12.99,88,49,0.51,AU,1717952688
213,sundargarh,22.1167,84.0333,35.91,32,30,2.67,IN,1717952893
214,tlahualilo de zaragoza,26.1167,-103.45,31.47,24,11,2.76,MX,1717952894
215,benguela,-12.5763,13.4055,23.38,85,29,3.37,AO,1717952895
216,san patricio,28.017,-97.5169,34.74,43,3,5.67,US,1717952895
217,langepas,61.2544,75.2124,15.04,45,4,1.22,RU,1717952896
218,nampula,-15.1165,39.2666,17.96,86,91,3.98,MZ,1717952897
219,santiago de cao,-7.9589,-79.2392,18.07,82,100,4.63,PE,1717952897
220,novodvinsk,64.4165,40.8122,14.88,47,54,2.7,RU,1717952898
221,mil'kovo,55.6078,37.7956,21.84,66,87,2.29,RU,1717952899
222,havre,49.5833,0.3333,16.86,63,0,4.63,FR,1717952899
223,chonchi,-42.6128,-73.8092,11.76,82,93,3.1,CL,1717952900
224,greymouth,-42.4667,171.2,13.78,95,100,4.82,NZ,1717952901
225,maqat,47.65,53.3167,29.65,30,29,4.65,KZ,1717952901
226,klaksvik,62.2266,-6.589,7.51,86,100,10.9,FO,1717952902
227,ponta delgada,37.7333,-25.6667,20.4,73,40,6.17,PT,1717952903
228,al marj,32.488,20.8317,24.34,41,0,4.49,LY,1717952830
229,taoudenni,22.6783,-3.9836,45.97,7,8,5.59,ML,1717952904
230,freetown,8.484,-13.2299,29.84,70,75,5.66,SL,1717952730
231,barah,13.7,30.3667,34.94,29,96,1.48,SD,1717952905
232,gadzhiyevo,69.2551,33.3362,7.15,79,15,7.57,RU,1717952906
233,petrovsk-zabaykal'skiy,51.273,108.843,12.98,88,98,1.32,RU,1717952907
234,tsiombe,-25.3,45.4833,17.86,62,100,5.06,MG,1717952907
235,neunkirchen,49.35,7.1833,21.97,45,0,3.6,DE,1717952908
236,gisborne,-38.6533,178.0042,16.01,93,100,3.66,NZ,1717952909
237,cabo san lucas,22.8909,-109.9124,22.61,65,0,2.29,MX,1717952888
238,egilsstadir,65.2653,-14.3948,8.95,71,75,2.57,IS,1717952910
239,porto novo,6.4965,2.6036,28.04,76,76,4.41,BJ,1717952911
240,port macquarie,-31.4333,152.9167,7.72,77,4,2.18,AU,1717952911
241,vadso,70.0744,29.7487,7.49,87,75,5.66,NO,1717952912
242,bredasdorp,-34.5322,20.0403,11.02,89,5,2.4,ZA,1717952912
243,fort bragg,35.139,-79.006,32.85,40,0,4.63,US,1717952913
244,tsengel,49.4783,100.8894,12.59,75,92,2.45,MN,1717952914
245,bosaso,11.2842,49.1816,32.2,63,40,1.8,SO,1717952914
246,hammerfest,70.6634,23.6821,14.25,62,0,4.63,NO,1717952915
247,la paz,-16.5,-68.15,16.99,17,66,2.06,BO,1717952539
248,holualoa,19.6228,-155.9522,23.26,85,40,5.14,US,1717952917
249,cidreira,-30.1811,-50.2056,23.84,63,11,1.99,BR,1717952918
250,tongshan,34.1805,117.1571,29.0,45,100,4.66,CN,1717952918
251,agneaux,49.119,-1.1061,18.23,62,16,4.27,FR,1717952919
252,kaoma,-14.7833,24.8,21.07,33,20,3.57,ZM,1717952920
253,callao,-12.0667,-77.15,21.34,77,100,2.57,PE,1717952920
254,santo augusto,-27.8508,-53.7772,24.1,64,8,6.71,BR,1717952759
255,tarko-sale,64.9225,77.785,9.59,64,8,4.05,RU,1717952922
256,cavan,53.9908,-7.3606,11.03,97,100,5.29,IE,1717952922
257,praia da vitoria,38.7333,-27.0667,22.64,68,20,4.72,PT,1717952793
258,puerto ayora,-0.7393,-90.3518,27.98,91,45,0.45,EC,1717952924
259,sao gabriel da cachoeira,-0.1303,-67.0892,28.33,84,70,0.79,BR,1717952924
260,lastoursville,-0.8143,12.7287,24.57,88,82,0.19,GA,1717952925
261,baukau,51.5526,7.2042,19.95,46,64,5.5,DE,1717952926
262,mancio lima,-7.6142,-72.8958,28.04,78,75,1.03,BR,1717952653
263,six-fours-les-plages,43.0938,5.84,22.73,82,96,0.89,FR,1717952928
264,corabia,43.7833,24.5,29.54,53,12,2.0,RO,1717952928
265,mermoz boabab,14.7065,-17.4758,29.31,79,82,4.6,SN,1717952929
266,atafu village,-8.5421,-172.5159,28.3,74,100,3.86,TK,1717952931
267,fredericton,45.9454,-66.6656,22.13,71,40,8.23,CA,1717952831
268,qamdo,31.1667,97.2333,11.24,49,30,2.36,CN,1717952711
269,sinabang,2.4803,96.3801,25.82,87,87,1.19,ID,1717952933
270,kolonia town,6.964,158.206,28.92,78,44,5.46,FM,1717952933
271,junction city,39.0286,-96.8314,24.2,61,0,3.13,US,1717952854
272,kazerun,29.6195,51.6541,30.46,25,0,1.98,IR,1717952935
273,papao,-17.75,-149.55,25.82,81,92,7.46,PF,1717952935
274,choibalsan,48.0667,114.5,15.89,69,51,2.8,MN,1717952936
275,tashtyp,52.7939,89.8983,13.98,95,100,2.12,RU,1717952937
276,norilsk,69.3535,88.2027,3.57,97,88,1.19,RU,1717952937
277,paita,-5.0892,-81.1144,21.61,69,93,5.4,PE,1717952938
278,dudinka,69.4058,86.1778,3.71,94,91,3.58,RU,1717952939
279,talnakh,69.4865,88.3972,3.45,99,93,2.1,RU,1717952939
280,castillos,-34.1667,-53.8333,24.03,71,97,6.45,UY,1717952940
281,al kharijah,25.4514,30.5464,34.31,13,0,4.59,EG,1717952941
282,kavaratti,10.5669,72.642,28.06,84,100,5.85,IN,1717952941
283,pieksamaki,62.3,27.1333,10.26,92,100,2.05,FI,1717952942
284,envira,-7.3,-70.2167,30.0,67,99,2.07,BR,1717952943
285,kuta,-8.7233,115.1723,25.97,94,20,4.63,ID,1717952944
286,takeo,10.9167,104.8333,27.71,74,100,4.75,KH,1717952945
287,kosh-agach,50.0,88.6667,14.61,57,75,2.24,RU,1717952946
288,padang,-0.9492,100.3543,27.03,89,68,2.09,ID,1717952946
289,hamilton,39.1834,-84.5333,24.85,54,20,4.63,US,1717952719
290,vorgashor,67.5833,63.95,2.11,96,100,4.14,RU,1717952948
291,kayangel,8.0823,134.7173,29.05,76,99,4.88,PW,1717952948
292,dampit,-8.2116,112.7493,21.83,100,64,0.82,ID,1717952949
293,anapa,44.8908,37.3239,26.19,44,20,3.0,RU,1717952950
294,la'ie,21.6477,-157.9253,25.0,75,9,2.68,US,1717952950
295,el sauzal de rodriguez,31.9,-116.6833,15.23,84,79,2.78,MX,1717952951
296,mahabad,36.7631,45.7222,22.01,30,0,2.21,IR,1717952952
297,margate,51.3813,1.3862,17.39,58,70,3.58,GB,1717952949
298,machico,32.7,-16.7667,23.4,77,75,1.54,PT,1717952953
299,broken hill,-31.95,141.4333,11.24,57,94,3.35,AU,1717952954
300,karratha,-20.7377,116.8463,20.05,73,0,1.93,AU,1717952954
301,missoula,47.0166,-113.8009,17.28,45,31,1.34,US,1717952955
302,zaozersk,69.4005,32.4476,4.68,85,71,7.16,RU,1717952956
303,khovd,48.0056,91.6419,18.63,49,39,1.49,MN,1717952956
304,peace river,56.2501,-117.286,10.17,81,100,2.57,CA,1717952958
305,thunder bay,48.4001,-89.3168,10.99,71,100,6.69,CA,1717952745
306,west gulfport,30.4041,-89.0942,33.89,56,20,3.6,US,1717952959
307,villa gesell,-37.2639,-56.973,21.7,81,62,9.21,AR,1717952861
308,piti village,13.4626,144.6933,28.03,89,20,3.09,GU,1717952960
309,chernomorskoye,45.5039,32.6997,22.22,73,51,3.69,UA,1717952961
310,stanley,54.868,-1.6985,14.17,69,40,2.06,GB,1717952961
311,sao joao da barra,-21.6403,-41.0511,24.03,69,3,5.16,BR,1717952962
312,nova olimpia,-14.7972,-57.2881,34.22,26,54,3.46,BR,1717952963
313,camaguey,21.3808,-77.9169,31.19,66,75,1.54,CU,1717952963
314,bubaque,11.2833,-15.8333,26.76,79,82,3.83,GW,1717952964
315,prince george,53.9166,-122.753,16.81,53,11,1.34,CA,1717952965
316,goz beida,13.95,20.55,36.15,25,52,6.4,TD,1717952965
317,masuguru,-11.3667,38.4167,25.66,48,81,2.56,TZ,1717952966
318,kargasok,59.0556,80.8572,12.76,57,4,3.13,RU,1717952967
319,tomohon,1.3346,124.8392,19.52,96,100,1.48,ID,1717952967
320,elk city,35.412,-99.4043,27.99,65,20,6.69,US,1717952968
321,hilo,19.7297,-155.09,23.68,84,75,2.57,US,1717952955
322,rongelap,11.1635,166.8941,28.5,79,44,6.59,MH,1717952969
323,avanos,38.715,34.8467,23.07,64,81,4.15,TR,1717952970
324,montrose,38.4166,-108.2673,23.17,21,3,1.48,US,1717952971
325,kalawit,8.0667,122.5167,26.29,88,97,1.33,PH,1717952971
326,brisas de zicatela,15.8369,-97.0419,32.29,66,75,3.6,MX,1717952972
327,north platte,41.1239,-100.7654,22.29,58,0,4.12,US,1717952757
328,urengoy,65.9667,78.3667,7.17,73,35,3.5,RU,1717952973
329,mar del plata,-38.0023,-57.5575,17.27,94,75,3.13,AR,1717952586
330,namtsy,62.7161,129.6658,10.8,49,0,2.73,RU,1717952975
331,olhao,37.0286,-7.8411,24.05,74,20,7.2,PT,1717952975
332,minas de marcona,-15.2119,-75.1103,17.83,53,21,4.8,PE,1717952715
333,berezovyy,51.6667,135.7,12.18,99,100,1.51,RU,1717952976
334,lensk,60.7253,114.9278,9.66,81,6,0.77,RU,1717952977
335,union de reyes,22.7953,-81.5375,29.1,64,83,3.01,CU,1717952888
336,mount pearl,47.5166,-52.7813,16.19,67,100,4.12,CA,1717952792
337,nahiyat ash shinafiyah,31.5874,44.6602,42.57,8,19,4.09,IQ,1717952830
338,phalodi,27.1333,72.3667,36.27,25,62,5.27,IN,1717952980
339,awjilah,29.1081,21.2869,35.32,14,0,3.98,LY,1717952981
340,keflavik,64.0049,-22.5624,10.24,62,0,5.66,IS,1717952981
341,nuuk,64.1835,-51.7216,5.34,100,75,6.17,GL,1717952973
342,susuman,62.7833,148.1667,3.88,58,94,0.89,RU,1717952981
343,argo,37.6333,22.7333,27.75,43,5,2.6,GR,1717952984
344,prado,-17.3411,-39.2208,25.95,63,81,3.88,BR,1717952985
345,auki,-8.7676,160.7034,25.35,91,40,1.68,SB,1717952986
346,sola,-13.8833,167.55,26.35,73,93,6.72,VU,1717952986
347,mirialguda,16.8667,79.5833,29.36,60,100,6.43,IN,1717952987
348,iskateley,67.6803,53.1512,5.01,71,100,4.92,RU,1717952954
349,zag,46.9441,99.165,11.77,63,92,2.28,MN,1717952988
350,saint-pierre,-21.3393,55.4781,22.82,73,0,5.14,RE,1717952976
351,lodja,-3.4833,23.4333,25.39,37,70,0.79,CD,1717952990
352,vallenar,-28.5708,-70.7581,19.22,38,100,2.06,CL,1717952990
353,nuku'alofa,-21.1333,-175.2,22.19,73,75,3.6,TO,1717952991
354,benjamin constant,-4.3831,-70.0311,30.07,78,40,3.09,BR,1717952992
355,vilyuchinsk,52.9306,158.4028,11.07,88,99,3.88,RU,1717952966
356,hondomachi-hondo,32.45,130.2,21.07,96,88,0.91,JP,1717952993
357,polyarnyy,69.1989,33.4478,7.87,76,15,7.4,RU,1717952952
358,soio,-6.1349,12.3689,23.83,80,37,3.61,AO,1717952994
359,tozeur,33.9197,8.1335,41.72,9,100,7.97,TN,1717952988
360,dzuunmod,48.2199,97.3744,9.52,78,84,1.85,MN,1717952996
361,fuerte olimpo,-21.0415,-57.8738,35.48,22,89,7.71,PY,1717953002
362,port shepstone,-30.7414,30.455,17.41,72,0,5.02,ZA,1717953003
363,howrah,22.5892,88.3103,31.0,89,40,5.66,IN,1717952971
364,la passe,45.5549,-0.8967,24.13,74,75,7.77,FR,1717953005
365,uturoa,-16.7333,-151.4333,26.96,79,92,4.83,PF,1717952980
366,laughlin,35.1678,-114.573,36.71,17,0,6.69,US,1717953006
367,ola,59.5833,151.2833,5.08,92,100,1.96,RU,1717953007
368,saldanha,-33.0117,17.9442,14.77,69,7,4.9,ZA,1717952988
369,hotan,37.0997,79.9269,23.46,30,87,1.0,CN,1717953008
370,lib,8.3122,167.3766,28.62,79,98,6.31,MH,1717953009
371,sefrou,33.8319,-4.828,23.53,47,75,5.66,MA,1717953010
372,oranjemund,-28.55,16.4333,20.67,29,51,5.08,NA,1717952953
373,inarajan village,13.2736,144.7484,28.08,93,56,5.22,GU,1717952981
374,kerman,30.2832,57.0788,27.37,9,0,5.85,IR,1717953012
375,san fernando,15.0286,120.6898,26.85,82,99,0.28,PH,1717953012
376,sterling,39.0062,-77.4286,27.79,69,100,3.09,US,1717953013
377,faro,37.0194,-7.9322,23.99,73,20,7.2,PT,1717952861
378,shetpe,44.1667,52.1167,28.21,34,65,9.5,KZ,1717953014
379,narasapur,16.45,81.6667,29.6,76,38,4.25,IN,1717953015
380,pinhao,-25.6956,-51.6597,23.62,46,66,3.98,BR,1717953015
381,bardai,11.65,7.2333,34.78,32,52,4.25,NG,1717953016
382,beyneu,45.3167,55.2,29.62,24,82,5.1,KZ,1717953017
383,babruysk,53.15,29.2333,16.47,96,87,3.42,BY,1717953018
384,xiazhen,34.8022,117.1117,27.84,42,100,3.95,CN,1717953019
385,redencao,-4.2258,-38.7306,27.22,82,86,2.62,BR,1717953020
386,nar'yan-mar,67.6713,53.087,5.06,71,100,4.92,RU,1717952956
387,luderitz,-26.6481,15.1594,20.04,35,39,3.8,NA,1717953021
388,tocopilla,-22.092,-70.1979,19.75,74,48,3.99,CL,1717953022
389,rikaze,29.25,88.8833,16.83,37,13,2.96,CN,1717953022
390,beni mellal,32.3373,-6.3498,29.16,30,52,4.6,MA,1717953023
391,chitipa,-9.7024,33.2697,13.42,91,41,1.68,MW,1717953024
392,vila velha,-20.3297,-40.2925,28.31,99,20,4.12,BR,1717953025
393,ust-nera,64.5667,143.2,5.16,57,79,1.94,RU,1717953025
394,ust-tsilma,65.441,52.1498,9.78,87,99,3.13,RU,1717953026
395,gubkinskiy,64.434,76.5026,11.52,54,37,3.75,RU,1717953027
396,togur,58.3631,82.8265,12.86,73,45,2.24,RU,1717953027
397,pleiku,13.9833,108.0,21.36,99,100,2.42,VN,1717953028
398,chul'man,56.8479,124.9104,8.49,91,100,0.89,RU,1717953029
399,khairpur,27.5295,68.7617,36.7,25,9,9.65,PK,1717952814
400,shakawe,-18.3667,21.85,18.79,43,2,3.15,BW,1717953030
401,prince rupert,54.3161,-130.3201,11.86,80,100,1.81,CA,1717953031
402,rio grande,-32.035,-52.0986,27.19,68,59,5.88,BR,1717953031
403,sanluri,39.5611,8.8994,27.09,45,0,6.92,IT,1717953032
404,east london,-33.0153,27.9116,16.94,59,0,1.63,ZA,1717953033
405,varennes-vauzelles,47.0168,3.1404,19.73,73,100,3.64,FR,1717953033
406,coquimbo,-29.9533,-71.3436,16.1,76,0,1.03,CL,1717952409
407,heyuan,23.7333,114.6833,25.27,94,100,1.09,CN,1717953035
408,aras-asan,8.8908,126.3033,25.98,89,91,2.2,PH,1717953035
409,guelendeng,10.9176,15.5501,35.34,31,57,3.68,TD,1717953036
410,aswan,24.0934,32.907,37.2,9,0,5.19,EG,1717952853
411,puerto deseado,-47.7503,-65.8938,6.23,91,100,7.56,AR,1717953038
412,sisimiut,66.9395,-53.6735,1.87,98,100,1.58,GL,1717953039
413,timimoun,29.2639,0.231,42.8,8,72,7.38,DZ,1717953040
414,ivdel',60.6911,60.4206,16.13,71,100,1.79,RU,1717953040
415,bardstown,37.8092,-85.4669,24.45,67,40,3.6,US,1717953041
416,port douglas,-16.4833,145.4667,18.19,69,6,2.06,AU,1717952970
417,zahedan,29.4963,60.8629,29.95,11,0,2.06,IR,1717953042
418,rio verde de mato grosso,-18.9181,-54.8442,33.99,23,76,6.11,BR,1717953043
419,blythe,33.6103,-114.5964,34.25,15,0,6.17,US,1717953043
420,chivilcoy,-34.8957,-60.0167,24.03,61,7,8.15,AR,1717953044
421,santa elena de uairen,4.6167,-61.1333,25.84,63,90,3.94,VE,1717953045
422,horodok,49.1637,26.5839,20.62,86,96,1.93,UA,1717952951
423,robore,-18.3333,-59.75,34.03,21,76,7.35,BO,1717953046
424,kailua-kona,19.6406,-155.9956,25.33,89,40,5.14,US,1717952987
425,ulladulla,-35.35,150.4667,9.45,80,36,2.51,AU,1717953047
426,san-pedro,4.7485,-6.6363,27.26,80,97,3.38,CI,1717953048
427,stornoway,58.2093,-6.3865,11.98,74,40,6.17,GB,1717953049
428,naze,28.3667,129.4833,21.99,87,79,3.29,JP,1717953007
429,quellon,-43.1167,-73.6167,11.51,84,97,5.22,CL,1717952999
430,viransehir,37.2353,39.7631,30.26,19,26,6.12,TR,1717953051
431,lagdo,9.05,13.7333,34.81,37,58,1.21,CM,1717953051
432,inari,68.906,27.0288,15.11,58,47,5.14,FI,1717953052
433,raduzhny,62.0961,77.475,13.66,48,5,1.95,RU,1717953053
434,aqadyr,48.2553,72.8483,19.47,71,92,4.59,KZ,1717953054
435,geraldton,-28.7667,114.6,19.23,68,100,6.17,AU,1717952986
436,suoyarvi,62.0833,32.35,16.05,49,100,3.78,RU,1717953055
437,bedele,8.456,36.353,14.83,95,79,1.76,ET,1717953056
438,mhamid,29.82,-5.72,36.7,9,1,10.79,MA,1717953056
439,kiunga,-6.1219,141.2906,23.62,99,84,1.63,PG,1717953057
440,vokhtoga,58.8147,41.0461,15.21,62,86,2.19,RU,1717953058
441,magadan,59.5667,150.8,4.74,95,93,1.28,RU,1717952984
442,tvoroyri,61.5556,-6.8111,8.81,80,40,6.89,FO,1717953059
443,arteche,12.2645,125.4048,26.74,87,59,0.93,PH,1717953060
444,shuangjiang,26.1547,109.7138,18.86,99,100,1.09,CN,1717953060
445,cudillero,43.5622,-6.1459,17.03,82,75,1.54,ES,1717953061
446,darwin,-12.4611,130.8418,19.99,82,0,2.57,AU,1717953062
447,sinjar,36.3209,41.8754,34.17,12,3,4.81,IQ,1717952960
448,sirte,31.2089,16.5887,27.26,43,0,7.37,LY,1717953063
449,seme,15.1942,-12.9448,39.58,23,96,4.99,SN,1717953064
450,maintirano,-18.0667,44.0167,24.37,72,0,6.34,MG,1717953064
451,nava,28.4167,-100.7667,31.61,44,63,4.52,MX,1717953065
452,george town,5.4112,100.3354,28.96,84,40,2.57,MY,1717952865
453,krizevci,46.0219,16.5425,27.38,62,35,2.06,HR,1717953066
454,anloga,5.7947,0.8973,27.89,77,78,6.35,GH,1717953067
455,waddan,29.1614,16.139,36.85,11,0,2.35,LY,1717952985
456,manbij,36.5281,37.9549,31.46,20,56,5.34,SY,1717952949
457,de queen,34.0379,-94.3413,32.25,47,23,3.48,US,1717953069
458,manta,-0.95,-80.7333,25.88,73,75,4.63,EC,1717952737
459,mudanjiang,44.5833,129.6,12.37,91,51,1.85,CN,1717953071
460,itacare,-14.2775,-38.9967,25.53,86,56,2.79,BR,1717953071
461,vlore,40.4667,19.4897,27.27,61,23,1.68,AL,1717953072
462,rabo de peixe,37.8,-25.5833,19.73,99,40,6.17,PT,1717952783
463,novosokol'niki,56.3463,30.1578,14.79,76,100,3.19,RU,1717953073
464,al bardiyah,31.7561,25.0865,24.99,56,0,7.59,LY,1717953074
465,dongxi,28.7614,106.6611,20.01,94,100,0.61,CN,1717953075
466,port alberni,49.2413,-124.8028,21.63,58,73,2.24,CA,1717952997
467,bac lieu,9.285,105.7244,28.05,64,100,5.36,VN,1717953076
468,mount gambier,-37.8333,140.7667,5.23,92,74,2.05,AU,1717953077
469,pasuquin,18.3328,120.6177,28.1,79,100,1.69,PH,1717953077
470,chulakkurgan,43.765,69.1814,28.31,27,96,7.01,KZ,1717953078
471,crane,31.3974,-102.3501,33.96,22,18,1.2,US,1717953079
472,labytnangi,66.6572,66.4183,10.21,60,100,4.01,RU,1717953080
473,yuzhno-kurilsk,44.0306,145.8556,11.32,93,99,3.75,RU,1717952966
474,siuri,23.9167,87.5333,34.62,49,60,7.51,IN,1717953081
475,atherton,53.5237,-2.4935,13.27,82,100,1.79,GB,1717952910
476,mountain home,43.133,-115.6912,25.57,47,100,1.34,US,1717953082
477,mirny,62.5353,113.9611,10.69,83,1,2.68,RU,1717952963
478,labrador city,52.9463,-66.9114,25.66,28,97,0.89,CA,1717952977
479,westport,41.1415,-73.3579,23.38,75,100,5.66,US,1717952996
480,brookings,44.3114,-96.7984,23.19,39,0,3.09,US,1717952824
481,laoag,18.1989,120.5936,27.95,79,100,2.12,PH,1717953086
482,kristiansund,63.1115,7.732,14.36,69,75,8.75,NO,1717952979
483,sao tome,0.3365,6.7273,25.04,83,87,3.17,ST,1717952951
484,anar darah,32.7587,61.654,32.46,13,0,11.0,AF,1717952792
485,leh,34.1667,77.5833,8.45,18,65,2.77,IN,1717953088
486,mejit,10.2753,170.8646,27.99,80,42,6.6,MH,1717952950
487,kangding,30.0513,101.9603,13.88,97,100,0.91,CN,1717953090
488,rawai,7.7797,98.3253,30.06,73,96,8.81,TH,1717953090
489,kenai,60.5544,-151.2583,13.05,60,0,6.17,US,1717952966
490,gordonvale,-17.0936,145.7842,15.88,99,5,1.95,AU,1717953092
491,tual,-5.6667,132.75,26.99,83,45,9.08,ID,1717952990
492,puri,19.8,85.85,30.29,79,63,11.04,IN,1717953093
493,qui nhon,13.7667,109.2333,26.91,84,100,2.88,VN,1717953094
494,nadi,-17.8,177.4167,20.0,77,20,3.09,FJ,1717953095
495,juneau,58.3019,-134.4197,14.0,87,75,2.06,US,1717953096
496,keila,59.3036,24.4131,15.01,58,19,6.69,EE,1717953096
497,andrews,32.3187,-102.5457,32.59,39,0,3.6,US,1717952965
498,gibara,21.1097,-76.1317,31.62,85,100,2.21,CU,1717952885
499,galle,6.0367,80.217,29.4,79,97,5.35,LK,1717953098
500,matoury,4.8483,-52.3317,29.98,74,44,2.06,GF,1717952984
501,caetite,-14.0694,-42.475,23.09,57,44,5.4,BR,1717953100
502,namsos,64.4662,11.4957,16.03,55,75,4.12,NO,1717953100
503,hadibu,12.65,54.0333,28.95,73,54,6.69,YE,1717952957
504,enshi,30.3,109.4833,21.15,86,93,0.69,CN,1717953102
505,villa de soto,-30.8552,-64.9995,29.67,12,0,8.4,AR,1717953102
506,mugia,43.1041,-9.2179,16.06,77,3,10.08,ES,1717953103
507,bomi,7.2461,-11.5258,28.44,78,83,2.6,SL,1717953104
508,nogliki,51.8333,143.1667,9.08,85,100,3.58,RU,1717953001
509,gorshechnoye,51.5244,38.0365,21.36,74,6,2.72,RU,1717953105
510,ippy,6.2679,21.2247,21.94,95,89,2.19,CF,1717953106
511,nyurba,63.2842,118.3319,11.85,89,97,1.99,RU,1717953106
512,freeport,40.6576,-73.5832,24.49,67,75,7.72,US,1717952852
513,la ronge,55.1001,-105.2842,7.12,93,100,3.09,CA,1717952901
514,igabi,10.7889,7.7749,28.1,62,36,4.07,NG,1717953108
515,huanggang,23.677,116.9996,25.66,92,100,0.97,CN,1717953109
516,cururupu,-1.8283,-44.8683,28.81,72,67,2.1,BR,1717953109
517,maisi,43.0395,41.2621,15.67,98,68,1.43,GE,1717953110
518,kingston,17.997,-76.7936,32.31,63,100,4.43,JM,1717952826
519,hengchun,22.0042,120.7439,28.48,78,49,1.66,TW,1717953111
520,plastun,44.7561,136.2939,11.36,99,100,0.67,RU,1717953112
521,silute,55.3489,21.4831,13.12,65,0,2.69,LT,1717953113
522,mochudi,-24.4167,26.15,14.33,39,0,1.6,BW,1717953113
523,usogorsk,63.4106,48.6872,15.37,89,100,2.43,RU,1717952994
524,whitehouse,32.2268,-95.2255,32.7,65,13,0.89,US,1717953115
525,arkalyk,50.2486,66.9114,23.97,54,35,3.99,KZ,1717953115
526,alo,7.4178,6.7371,32.01,57,78,3.81,NG,1717953116
527,tshabong,-26.05,22.45,14.12,39,0,4.97,BW,1717953117
528,dunhua,43.3725,128.2425,10.96,88,32,2.67,CN,1717953117
529,tura,25.5198,90.2201,25.84,92,1,3.31,IN,1717952960
530,molchanovo,57.5817,83.7692,10.4,85,14,2.63,RU,1717953119
531,ingeniero jacobacci,-41.3427,-69.5448,9.07,60,40,6.72,AR,1717953119
532,veraval,20.9,70.3667,29.98,79,59,4.9,IN,1717953121
533,kapa'a,22.0752,-159.319,24.18,86,100,6.17,US,1717952997
534,chaiya,9.3862,99.1986,27.47,71,100,2.97,TH,1717953122
535,mahikeng,-25.8652,25.6442,11.45,46,0,3.57,ZA,1717953123
536,federal,-30.9547,-58.7833,24.92,68,100,6.71,AR,1717953124
537,guerrero negro,27.9769,-114.0611,19.41,63,7,5.23,MX,1717953124
538,laguna,38.421,-121.4238,24.49,57,0,3.09,US,1717952979
539,christchurch,-43.5333,172.6333,12.45,82,36,2.57,NZ,1717953126
540,yemva,62.59,50.8594,15.42,63,72,1.45,RU,1717952949
541,tangalle,6.024,80.7911,25.98,91,98,4.7,LK,1717952965
542,ed damer,17.5928,33.9592,41.01,15,1,4.71,SD,1717953100
543,morehead city,34.7229,-76.726,32.24,70,0,7.2,US,1717953128
544,fort stockton,30.894,-102.8793,37.03,13,0,7.2,US,1717953129
545,petoskey,45.3733,-84.9553,14.83,76,100,6.69,US,1717953129
546,wajir,1.7471,40.0573,30.08,41,100,10.06,KE,1717953130
547,zhangye,38.9342,100.4517,23.27,20,81,0.99,CN,1717953131
548,inverell,-29.7833,151.1167,5.64,94,19,0.89,AU,1717953132
549,stuttgart,48.7823,9.177,21.56,61,75,3.6,DE,1717953056
550,oldenburg in holstein,54.3,10.8833,12.41,88,91,8.32,DE,1717953133
551,lockwood,45.8191,-108.4149,18.44,51,20,3.6,US,1717953134
552,valasske klobouky,49.1406,18.0076,23.42,91,85,2.31,CZ,1717953135
553,kuanda,56.3161,116.0806,8.61,74,11,0.2,RU,1717953136
554,thai binh,20.45,106.3333,27.36,86,100,3.18,VN,1717953137
555,vikindu,-7.0067,39.2985,22.33,73,96,2.69,TZ,1717953138
556,calbuco,-41.768,-73.1273,11.56,87,99,7.23,CL,1717953138
557,walvis bay,-22.9575,14.5053,22.08,33,35,4.14,NA,1717953139
558,black point,-34.6187,137.8972,15.35,56,100,3.76,AU,1717953140
559,kolokani,13.5728,-8.0339,39.86,19,11,2.31,ML,1717953140
560,portland,45.5234,-122.6762,21.27,69,75,1.54,US,1717952849
561,illizi,26.4833,8.4667,39.42,5,0,6.43,DZ,1717952958
562,acarau,-2.8856,-40.12,30.56,63,41,6.37,BR,1717953142
563,piton saint-leu,-21.2196,55.3151,21.06,73,0,5.14,RE,1717953143
564,letlhakane,-21.4167,25.5833,13.97,47,0,4.72,BW,1717952953
565,curaca,-8.9903,-39.9094,33.24,27,6,7.78,BR,1717953144
566,happy valley-goose bay,53.3168,-60.3315,22.84,45,0,4.02,CA,1717953145
567,etropole,42.8333,24.0,27.4,78,10,0.59,BG,1717953146
568,carutapera,-1.195,-46.02,28.69,79,20,2.98,BR,1717953146
569,tazacorte,28.629,-17.9293,22.3,80,75,3.09,ES,1717952995
570,belyy yar,53.6039,91.3903,17.94,77,0,2.0,RU,1717953148
571,cruzeiro do sul,-29.5128,-51.9853,30.29,58,46,3.18,BR,1717953148
572,ebon,4.582,168.6964,28.79,77,73,6.38,MH,1717953150
573,irymple,-34.25,142.1667,11.52,70,100,2.21,AU,1717953150
574,selkirk,50.1436,-96.8845,13.43,71,83,4.02,CA,1717953059
575,borogontsy,62.6683,131.1683,9.31,63,0,0.74,RU,1717952964
576,ciudad lazaro cardenas,17.9583,-102.2,29.59,57,19,4.8,MX,1717953152
577,lautoka,-17.6167,177.4667,19.92,77,20,3.09,FJ,1717953153
578,kourou,5.1552,-52.6478,30.03,75,35,2.97,GF,1717953153
579,mariental,-24.6333,17.9667,17.44,29,26,5.64,NA,1717953154
580,makoua,0.0069,15.6333,25.88,77,93,1.18,CG,1717953071
581,ceeldheer,3.8488,47.1806,26.14,77,100,10.1,SO,1717953155
582,aberdeen,57.1437,-2.0981,13.27,70,75,6.69,GB,1717953006
583,saint-francois,46.4154,3.9054,17.69,74,100,4.63,FR,1717953157
584,hohhot,40.8106,111.6522,19.74,36,18,2.34,CN,1717953157
